SurveyId,AmazonIdentifier,AssignmentId,DurationInSeconds,StartTime,CompletionTime,ApprovalStatus,AmountPaid,AmountBonused,Estimated CloudResearch Fee,Actual Completion Code,,,,Feedback
207988,A39GADIK8RLMVC,3RXPCZQMQQ1EIS762KPGFRNZ2LKG1J,1539,4/2/2020 7:58:43 PM,4/2/2020 8:24:22 PM,Approved,5.00,0.00,0.760000,N3791244,,,,
207988,A207IHY6GERCFO,39ZSFO5CA9M4IRO5CEK3N6KC5AZUJ1,1577,4/2/2020 7:59:07 PM,4/2/2020 8:25:24 PM,Approved,5.00,0.00,0.760000,N3791244,,,,
207988,A1HAOXJVRYT43K,3C6FJU71TRJUDGJ4YEL6XTZ0IE8UYV,1544,4/2/2020 8:00:05 PM,4/2/2020 8:25:49 PM,Approved,5.00,0.00,0.760000,N3791244,,,,
207988,A1P0XSCJ9XAV74,30IQTZXKALWPXPHEVBLKP84K0JAX0P,1505,4/2/2020 8:01:05 PM,4/2/2020 8:26:10 PM,Approved,5.00,1.00,0.760000,N3791244,,,,
207988,A2WJMGV0HKQG3Z,3R2PKQ87NXYPA8ZQLU8HKVOIF97IML,1690,4/2/2020 7:59:03 PM,4/2/2020 8:27:13 PM,Approved,5.00,0.00,0.760000,N3791244,,,,
207988,A3G1ODAPIHRHUI,3VA45EW49OD2A5O4Q32OK0W1T7BO1E,1861,4/2/2020 7:58:59 PM,4/2/2020 8:30:00 PM,Approved,5.00,1.00,0.760000,N3791244,,,,
207988,A3EE6XJI1WTHMV,3URFVVM1668UI6T9U0NPB082O8CUZM,1960,4/2/2020 7:59:59 PM,4/2/2020 8:32:39 PM,Approved,5.00,1.00,0.760000,N3791244,,,,
207988,AI1AY655WGVR0,3QRYMNZ7FZ7L1401R7MLBHFRVGXTND,2419,4/2/2020 8:00:13 PM,4/2/2020 8:40:32 PM,Approved,5.00,0.00,0.760000,N3791244,,,,
