SurveyId,AmazonIdentifier,AssignmentId,DurationInSeconds,StartTime,CompletionTime,ApprovalStatus,AmountPaid,AmountBonused,Estimated CloudResearch Fee,Actual Completion Code,,,,Feedback
209137,A3C0NQ2IP5FTZQ,33FBRBDW6PPJCGBMZJ2C4APSJQZ8C5,1660,4/7/2020 8:36:19 PM,4/7/2020 9:03:59 PM,Approved,5.00,1.00,0.620000,N3791244,,,,
209137,A1OBB3PWYWK9KK,3ZQIG0FLQF6Q1QD4O3DN8IG3M4HVW5,1681,4/7/2020 8:36:35 PM,4/7/2020 9:04:36 PM,Approved,5.00,1.00,0.620000,N3791244,,,,
209137,A32JEH06T23HDF,3G0WWMR1UWA89O89A3SQ6C44C0YQNF,1730,4/7/2020 8:36:17 PM,4/7/2020 9:05:07 PM,Approved,5.00,0.00,0.620000,N3791244,,,,
209137,A2BNOEYZ3VRW2R,3DUZQ9U6SNEXU9WV4Y3MBTDIGRLVSQ,1769,4/7/2020 8:36:47 PM,4/7/2020 9:06:16 PM,Approved,5.00,1.00,0.620000,N3791244,,,,
209137,A2ASTDMWBCFIP0,3S0TNUHWKU8TH8H0ZFXNOG7A4QB8D5,1851,4/7/2020 8:37:18 PM,4/7/2020 9:08:09 PM,Approved,5.00,1.00,0.620000,N3791244,,,,
209137,A2GVON0W6E874S,3R3YRB5GRGTTHYL1I87QU7HTGE6AUL,1825,4/7/2020 8:37:51 PM,4/7/2020 9:08:16 PM,Approved,5.00,1.00,0.620000,N3791244,,,,
209137,A3AP73DX6V0YN8,3KAKFY4PGVSOOMRGFC32OWFCG9R3IA,2130,4/7/2020 8:36:15 PM,4/7/2020 9:11:45 PM,Approved,5.00,1.00,0.620000,N3791244,,,,
209137,A2CHDWKAYZ3P3E,3WQQ9FUS6BK02BJGLJ6HTQJA15Z8BY,2407,4/7/2020 8:36:41 PM,4/7/2020 9:16:48 PM,Approved,5.00,1.00,0.620000,N3791244,,,,
